{"stats":{"minecraft:picked_up":{"minecraft:wheat_seeds":1,"minecraft:string":2},"minecraft:custom":{"minecraft:jump":25,"minecraft:time_since_rest":65,"minecraft:damage_dealt":70,"minecraft:deaths":1,"minecraft:leave_game":2,"minecraft:play_time":1138,"minecraft:sprint_one_cm":1883,"minecraft:damage_taken":255,"minecraft:time_since_death":0,"minecraft:walk_one_cm":4057,"minecraft:sneak_time":6,"minecraft:total_world_time":1138,"minecraft:fall_one_cm":896,"minecraft:fly_one_cm":4517},"minecraft:mined":{"minecraft:grass":11},"minecraft:killed_by":{"minecraft:spider":1}},"DataVersion":3465}